userId,cancel_date,churn,start_date,end_date,has_activity,psn_gender,psn_city,psn_state,acct_day_since_reg,psn_multi_city,psn_multi_state,acct_last_level,acct_multiple_levels,act_page_about,act_page_add_friend,act_page_add_to_playlist,act_page_downgrade,act_page_error,act_page_help,act_page_home,act_page_logout,act_page_nextsong,act_page_roll_advert,act_page_save_settings,act_page_settings,act_page_submit_downgrade,act_page_submit_upgrade,act_page_thumbs_down,act_page_thumbs_up,act_page_upgrade,total_page_visits,unique_page_types,session_count,session_avg_pages,act_days_active,prf_top20artist_count,prf_top20artist_any,prf_top100artist_count,prf_top100artist_any,prf_unique_artist_count,prf_unique_artist_any,prf_top100song_count,prf_top100song_any,prf_top1000song_count,prf_top1000song_any,prf_unique_song_count,prf_unique_song_any
30,,False,2018-10-26,2018-11-02,True,M,Bakersfield,CA,34,False,False,free,True,1,3,5,0,0,1,9,4,221,18,0,4,0,0,2,9,4,281,12,5.0,1353.6192170818506,4.0,23,True,56,True,12,True,18,True,60,True,35,True
9,,False,2018-10-25,2018-11-01,True,M,Boston-Cambridge-Newton,MA-NH,31,True,True,paid,True,0,4,3,2,1,2,6,1,158,6,0,0,1,1,1,10,2,198,14,3.0,1323.7727272727273,4.0,17,True,43,True,0,False,19,True,45,True,14,True
74,,False,2018-10-23,2018-10-30,True,F,Tallahassee,FL,40,False,False,free,True,0,0,0,0,0,0,1,0,0,0,0,0,0,0,0,0,0,1,1,1.0,1173.0,1.0,0,False,0,False,0,False,0,False,0,False,0,False
54,2018-11-12 19:40:08,True,2018-11-05,2018-11-12,True,F,Spokane-Spokane Valley,WA,109,True,False,paid,True,2,5,11,13,0,4,21,5,526,0,1,5,0,0,8,36,0,637,12,7.0,1693.4992150706437,6.0,50,True,122,True,20,True,52,True,151,True,99,True
4,,False,2018-11-09,2018-11-16,True,M,Baltimore-Columbia-Towson,MD,48,True,False,paid,True,1,14,12,4,2,6,17,3,437,0,0,2,0,0,4,24,0,526,12,2.0,1746.277566539924,2.0,46,True,100,True,11,True,50,True,130,True,73,True
101,2018-10-16 22:30:37,True,2018-10-09,2018-10-16,True,M,Denver-Aurora-Lakewood,CO,53,True,False,paid,True,1,9,37,15,0,3,47,15,917,1,2,7,0,0,11,48,0,1113,13,4.0,658.2614555256065,6.0,73,True,183,True,21,True,84,True,240,True,149,True
78,,False,2018-10-10,2018-10-17,False,F,Mcallen-Edinburg-Mission,TX,16,True,False,free,False,0,0,0,0,0,0,0,0,0,0,0,0,0,0,0,0,0,0,0,0.0,0.0,0.0,0,False,0,False,0,False,0,False,0,False,0,False
88,,False,2018-11-07,2018-11-14,True,F,Columbus,GA-AL,63,False,True,paid,True,1,2,8,4,0,2,7,1,230,0,1,2,0,0,3,12,0,273,12,2.0,1682.6666666666667,2.0,23,True,56,True,3,True,24,True,57,True,26,True
95,,False,2018-10-26,2018-11-02,True,F,Phoenix-Mesa-Scottsdale,AZ,33,True,False,free,True,0,0,0,0,1,0,1,2,64,4,0,0,0,0,1,3,1,77,8,2.0,1324.7142857142858,1.0,2,True,12,True,1,True,5,True,13,True,14,True
25,,False,2018-11-05,2018-11-12,True,F,Tampa-St. Petersburg-Clearwater,FL,65,True,False,free,True,0,6,15,4,0,1,26,6,495,5,0,2,1,0,4,25,0,590,12,3.0,1542.6881355932203,3.0,51,True,116,True,10,True,51,True,138,True,77,True
142,,False,2018-10-04,2018-10-11,True,M,New York-Newark-Jersey City,NY-NJ-PA,12,True,True,paid,True,1,4,18,7,3,3,19,6,576,2,2,6,0,0,3,27,0,677,14,3.0,520.2629246676514,4.0,54,True,131,True,14,True,68,True,164,True,79,True
13,,False,2018-10-13,2018-10-20,True,F,Philadelphia-Camden-Wilmington,PA-NJ-DE-MD,78,True,True,free,False,1,2,11,0,0,0,7,2,166,11,0,1,0,0,0,11,1,213,10,4.0,871.7276995305165,4.0,12,True,38,True,1,True,15,True,34,True,26,True
45,,False,2018-10-13,2018-10-20,True,F,Atlanta-Sandy Springs-Roswell,GA,41,True,False,free,False,0,0,0,0,0,0,4,0,17,0,0,0,0,0,0,1,0,22,3,1.0,631.0,1.0,1,True,1,True,0,False,2,True,5,True,2,True
39,,False,2018-10-07,2018-10-14,True,F,Los Angeles-Long Beach-Anaheim,CA,120,True,False,paid,True,3,20,28,8,2,6,39,10,970,4,0,6,0,1,15,48,1,1161,15,12.0,702.811369509044,7.0,84,True,216,True,26,True,103,True,249,True,167,True
87,2018-10-20 15:49:16,True,2018-10-13,2018-10-20,True,M,Quincy,IL-MO,58,False,True,free,False,0,14,7,0,0,5,25,9,220,22,0,5,0,0,3,8,1,319,11,8.0,884.9341692789968,5.0,26,True,51,True,4,True,23,True,63,True,32,True
28,2018-11-06 00:20:32,True,2018-10-30,2018-11-06,True,F,New Philadelphia-Dover,OH,44,True,False,paid,True,2,10,27,10,0,1,33,12,896,0,0,1,0,0,16,51,0,1059,11,6.0,1459.2171860245514,4.0,82,True,192,True,25,True,88,True,248,True,154,True
131,,False,2018-10-08,2018-10-15,True,M,Kingsport-Bristol-Bristol,TN-VA,74,True,True,paid,True,0,2,1,1,0,2,1,0,60,0,0,0,0,0,0,4,0,71,7,2.0,559.6619718309859,1.0,7,True,13,True,1,True,9,True,18,True,12,True
126,,False,2018-10-26,2018-11-02,True,M,New York-Newark-Jersey City,NY-NJ-PA,33,True,True,paid,True,1,1,4,5,0,1,12,6,156,0,1,2,0,0,3,10,0,202,12,3.0,1277.351485148515,2.0,12,True,32,True,2,True,14,True,41,True,31,True
146,,False,2018-10-07,2018-10-14,True,M,Myrtle Beach-Conway-North Myrtle Beach,SC-NC,38,True,True,free,False,0,0,1,0,0,0,1,0,30,0,0,0,0,0,1,1,0,34,5,1.0,395.0,1.0,1,True,4,True,1,True,2,True,8,True,4,True
59,,False,2018-10-05,2018-10-12,True,M,Boulder,CO,16,False,False,paid,True,0,0,1,2,0,0,4,1,64,0,0,1,0,1,2,2,1,79,10,1.0,455.0,1.0,2,True,9,True,3,True,2,True,10,True,13,True
15,,False,2018-11-12,2018-11-19,True,M,Morgantown,WV,50,False,False,paid,False,0,5,10,1,0,1,9,1,191,0,1,1,0,0,1,6,0,227,11,3.0,1899.5991189427314,3.0,8,True,28,True,8,True,15,True,38,True,39,True
36,,False,2018-10-05,2018-10-12,True,F,Minneapolis-St. Paul-Bloomington,MN-WI,62,True,True,free,False,1,5,3,0,0,2,6,2,101,11,0,0,0,0,3,4,1,139,11,5.0,535.956834532374,3.0,7,True,21,True,4,True,10,True,25,True,20,True
120,,False,2018-10-07,2018-10-14,True,F,Oklahoma City,OK,81,False,False,paid,False,0,4,7,5,0,0,7,4,355,0,1,4,0,0,2,18,0,407,10,2.0,502.1646191646192,3.0,39,True,92,True,12,True,38,True,105,True,58,True
92,,False,2018-11-10,2018-11-17,True,F,Boston-Cambridge-Newton,MA-NH,69,True,True,paid,True,2,19,34,11,1,3,33,15,947,0,0,7,0,0,18,44,0,1134,12,12.0,1883.1746031746031,7.0,79,True,217,True,28,True,94,True,257,True,142,True
33,,False,2018-10-26,2018-11-02,True,M,Hartford-West Hartford-East Hartford,CT,137,True,False,paid,False,1,2,3,4,0,1,11,3,191,0,1,1,0,0,3,14,0,235,12,2.0,918.2595744680851,2.0,15,True,51,True,3,True,20,True,53,True,26,True
51,2018-10-17 07:39:32,True,2018-10-10,2018-10-17,True,M,Lexington-Fayette,KY,19,True,False,paid,False,0,4,21,10,0,6,23,6,851,0,1,4,0,0,10,40,0,976,11,6.0,747.5563524590164,5.0,75,True,188,True,24,True,89,True,233,True,116,True
27,,False,2018-10-26,2018-11-02,False,M,Hartford-West Hartford-East Hartford,CT,79,True,False,free,False,0,0,0,0,0,0,0,0,0,0,0,0,0,0,0,0,0,0,0,0.0,0.0,0.0,0,False,0,False,0,False,0,False,0,False,0,False
143,2018-10-15 07:34:14,True,2018-10-08,2018-10-15,True,F,Virginia Beach-Norfolk-Newport News,VA-NC,61,True,True,free,False,0,0,0,0,0,0,3,0,17,2,0,0,0,0,0,1,0,23,4,1.0,552.0,1.0,4,True,8,True,1,True,5,True,6,True,4,True
140,,False,2018-10-05,2018-10-12,True,F,Louisville/Jefferson County,KY-IN,30,False,True,paid,True,1,10,21,6,1,5,32,11,732,9,1,4,0,1,11,27,1,873,16,8.0,585.8190148911798,7.0,65,True,165,True,19,True,81,True,202,True,107,True
6,,False,2018-11-07,2018-11-14,True,M,Houston-The Woodlands-Sugar Land,TX,240,True,False,paid,True,0,0,3,0,0,0,3,0,144,0,0,0,0,0,1,8,0,159,5,2.0,1662.25786163522,1.0,14,True,36,True,2,True,14,True,36,True,26,True
124,,False,2018-11-17,2018-11-24,True,F,Vineland-Bridgeton,NJ,124,True,False,paid,False,1,1,3,1,0,0,11,4,224,0,0,0,0,0,4,6,0,255,9,3.0,2008.7019607843138,3.0,22,True,59,True,6,True,27,True,61,True,33,True
141,,False,2018-10-15,2018-10-22,True,F,Price,UT,49,False,False,paid,True,0,2,2,1,0,0,3,1,73,0,0,0,0,0,1,2,0,85,8,1.0,649.0,1.0,5,True,11,True,3,True,5,True,16,True,16,True
93,,False,2018-11-12,2018-11-19,True,M,Allentown-Bethlehem-Easton,PA-NJ,59,True,True,free,False,0,0,0,0,0,0,0,0,11,1,0,0,0,0,0,1,0,13,3,1.0,1621.0,1.0,3,True,4,True,0,False,0,False,6,True,1,True
81,,False,2018-11-10,2018-11-17,True,M,Philadelphia-Camden-Wilmington,PA-NJ-DE-MD,84,True,True,paid,True,0,0,0,0,0,0,1,1,7,0,0,0,0,0,0,1,0,10,4,1.0,1768.0,1.0,0,False,0,False,0,False,0,False,1,True,0,False
40,,False,2018-10-12,2018-10-19,True,F,San Antonio-New Braunfels,TX,50,True,False,paid,True,2,0,3,0,0,1,5,0,65,0,0,2,0,1,0,4,1,84,9,2.0,803.1428571428571,2.0,6,True,15,True,4,True,6,True,17,True,16,True
94,,False,2018-10-16,2018-10-23,False,F,Omaha-Council Bluffs,NE-IA,103,True,True,free,False,0,0,0,0,0,0,0,0,0,0,0,0,0,0,0,0,0,0,0,0.0,0.0,0.0,0,False,0,False,0,False,0,False,0,False,0,False
113,,False,2018-11-08,2018-11-15,True,F,Charlotte-Concord-Gastonia,NC-SC,107,True,True,paid,True,0,0,3,1,1,0,4,0,123,0,0,1,0,0,1,7,0,141,8,2.0,1717.6382978723404,2.0,10,True,30,True,2,True,13,True,33,True,19,True
98,,False,2018-10-20,2018-10-27,True,M,Houston-The Woodlands-Sugar Land,TX,29,True,False,paid,True,0,0,7,2,1,2,11,4,162,1,0,2,0,1,1,7,1,202,13,2.0,1136.5049504950496,2.0,9,True,37,True,7,True,21,True,46,True,23,True
137,,False,2018-10-26,2018-11-02,False,M,New York-Newark-Jersey City,NY-NJ-PA,100,True,True,free,False,0,0,0,0,0,0,0,0,0,0,0,0,0,0,0,0,0,0,0,0.0,0.0,0.0,0,False,0,False,0,False,0,False,0,False,0,False
65,,False,2018-10-23,2018-10-30,True,M,Concord,NH,40,False,False,paid,True,0,6,8,1,0,0,9,1,207,0,0,1,0,0,4,11,0,248,9,2.0,1317.8306451612902,1.0,20,True,51,True,6,True,28,True,71,True,27,True
53,2018-11-19 12:34:56,True,2018-11-12,2018-11-19,True,M,Jackson,MS,52,False,False,paid,True,3,10,12,3,1,4,15,5,579,0,0,1,0,0,4,26,0,663,12,4.0,1903.7707390648568,5.0,50,True,122,True,13,True,56,True,140,True,75,True
42,,False,2018-11-10,2018-11-17,True,F,Danville,VA,53,False,False,paid,True,0,1,5,1,1,3,13,4,220,0,0,4,0,0,2,10,0,264,11,4.0,1850.8295454545455,3.0,25,True,51,True,9,True,28,True,66,True,31,True
115,,False,2018-10-05,2018-10-12,True,F,Los Angeles-Long Beach-Anaheim,CA,27,True,False,paid,True,2,12,29,15,2,6,27,7,900,8,2,6,0,1,13,49,1,1080,16,1.0,316.0,3.0,82,True,209,True,16,True,82,True,232,True,145,True
38,,False,2018-10-17,2018-10-24,True,M,Pittsburgh,PA,37,False,False,free,True,0,0,0,0,0,1,5,2,45,1,0,0,0,0,0,1,1,56,7,3.0,950.6071428571429,3.0,3,True,8,True,2,True,6,True,10,True,12,True
58,2018-10-22 15:43:26,True,2018-10-15,2018-10-22,True,M,Selma,AL,25,False,False,paid,True,0,12,31,10,0,8,34,13,969,0,1,3,0,0,14,57,0,1152,11,5.0,966.4401041666666,5.0,98,True,227,True,26,True,114,True,280,True,151,True
77,,False,2018-10-10,2018-10-17,True,F,Gainesville,FL,22,False,False,free,True,3,1,2,3,0,0,17,3,203,0,0,1,1,0,1,6,0,241,11,2.0,416.1991701244813,2.0,22,True,39,True,3,True,24,True,53,True,32,True
52,,False,2018-11-07,2018-11-14,True,F,Atlanta-Sandy Springs-Roswell,GA,87,True,False,paid,True,2,21,7,1,0,0,10,4,298,1,0,1,0,0,1,11,0,357,11,1.0,1573.0,2.0,39,True,86,True,8,True,35,True,85,True,46,True
29,2018-11-14 07:37:11,True,2018-11-07,2018-11-14,True,M,Los Angeles-Long Beach-Anaheim,CA,59,True,False,paid,True,0,1,7,0,0,4,6,3,182,0,0,4,0,0,2,13,0,222,9,4.0,1786.5675675675675,3.0,16,True,40,True,2,True,19,True,50,True,27,True
70,2018-11-14 22:34:27,True,2018-11-07,2018-11-14,True,M,Jackson,MS,144,False,False,paid,True,0,1,5,2,0,1,11,6,176,0,1,1,0,0,1,14,0,219,11,2.0,1629.6986301369864,2.0,24,True,43,True,1,True,23,True,60,True,23,True
61,,False,2018-10-10,2018-10-17,True,M,San Francisco-Oakland-Hayward,CA,29,True,False,free,True,0,9,13,5,1,3,22,7,499,11,0,1,1,0,3,26,1,602,14,3.0,565.1511627906976,4.0,57,True,127,True,9,True,61,True,161,True,79,True
46,,False,2018-10-26,2018-11-02,True,F,Los Angeles-Long Beach-Anaheim,CA,38,True,False,paid,True,1,5,8,1,0,0,9,3,156,5,0,0,0,1,3,7,1,200,12,4.0,1361.31,4.0,16,True,38,True,5,True,19,True,46,True,23,True
35,,False,2018-10-30,2018-11-06,True,F,Washington-Arlington-Alexandria,DC-VA-MD-WV,51,True,True,paid,True,3,5,12,5,0,4,13,5,341,1,0,0,0,0,3,12,0,404,11,5.0,1530.868811881188,4.0,33,True,76,True,11,True,36,True,89,True,60,True
132,,False,2018-10-06,2018-10-13,True,F,Denver-Aurora-Lakewood,CO,27,True,False,paid,True,0,0,1,1,0,2,3,1,64,0,0,0,0,0,2,7,0,81,8,2.0,632.0,2.0,5,True,15,True,4,True,10,True,23,True,12,True
127,,False,2018-10-12,2018-10-19,False,F,Dallas-Fort Worth-Arlington,TX,36,True,False,paid,False,0,0,0,0,0,0,0,0,0,0,0,0,0,0,0,0,0,0,0,0.0,0.0,0.0,0,False,0,False,0,False,0,False,0,False,0,False
136,,False,2018-10-17,2018-10-24,True,F,Charlotte-Concord-Gastonia,NC-SC,38,True,True,paid,True,0,14,22,10,0,2,20,3,654,0,1,4,0,0,3,37,0,770,11,5.0,1037.7363636363636,5.0,50,True,134,True,19,True,59,True,172,True,113,True
80,,False,2018-10-10,2018-10-17,False,F,Sacramento--Roseville--Arden-Arcade,CA,16,True,False,free,False,0,0,0,0,0,0,0,0,0,0,0,0,0,0,0,0,0,0,0,0.0,0.0,0.0,0,False,0,False,0,False,0,False,0,False,0,False
110,,False,2018-10-13,2018-10-20,False,M,Chicago-Naperville-Elgin,IL-IN-WI,26,True,True,free,False,0,0,0,0,0,0,0,0,0,0,0,0,0,0,0,0,0,0,0,0.0,0.0,0.0,0,False,0,False,0,False,0,False,0,False,0,False
129,2018-10-17 00:29:21,True,2018-10-10,2018-10-17,True,M,Flint,MI,16,False,False,paid,True,0,2,2,3,0,2,5,2,122,1,0,1,0,0,3,5,0,148,11,2.0,641.5337837837837,2.0,10,True,28,True,3,True,12,True,27,True,29,True
121,2018-10-17 07:02:29,True,2018-10-10,2018-10-17,True,M,Oxnard-Thousand Oaks-Ventura,CA,131,True,False,paid,True,1,15,11,2,0,2,32,14,408,3,3,9,0,1,5,17,2,525,15,7.0,809.9961904761905,6.0,38,True,91,True,12,True,39,True,103,True,68,True
82,,False,2018-10-05,2018-10-12,True,F,Kansas City,MO-KS,27,False,True,free,False,1,2,5,0,0,0,11,4,136,6,0,0,0,0,3,7,1,176,10,3.0,614.5795454545455,3.0,9,True,34,True,0,False,11,True,39,True,16,True
100,,False,2018-11-07,2018-11-14,True,M,Dallas-Fort Worth-Arlington,TX,48,True,False,free,True,0,0,0,0,0,2,5,4,35,1,0,0,0,0,0,2,0,49,6,5.0,1698.5102040816328,3.0,4,True,7,True,2,True,4,True,9,True,6,True
117,,False,2018-10-20,2018-10-27,True,F,Buffalo-Cheektowaga-Niagara Falls,NY,39,True,False,free,False,0,0,1,0,0,0,2,1,21,0,0,0,0,0,0,0,0,25,4,1.0,702.0,1.0,3,True,5,True,0,False,3,True,9,True,4,True
85,,False,2018-10-10,2018-10-17,True,M,Los Angeles-Long Beach-Anaheim,CA,64,True,False,free,True,1,5,12,4,0,2,18,5,311,3,0,0,1,0,5,15,0,382,12,6.0,717.2120418848167,4.0,29,True,65,True,3,True,25,True,66,True,58,True
118,,False,2018-11-10,2018-11-17,True,F,New York-Newark-Jersey City,NY-NJ-PA,52,True,True,paid,True,0,6,1,2,0,1,4,1,121,0,1,1,0,0,1,8,0,147,11,4.0,1856.6258503401361,4.0,6,True,28,True,3,True,5,True,31,True,18,True
105,2018-10-12 20:17:21,True,2018-10-05,2018-10-12,True,M,Indianapolis-Carmel-Anderson,IN,28,True,False,paid,True,0,0,0,3,0,0,5,2,69,0,1,2,0,0,3,6,0,91,8,1.0,464.0,1.0,3,True,11,True,1,True,4,True,17,True,12,True
96,,False,2018-10-10,2018-10-17,True,F,Atlantic City-Hammonton,NJ,29,True,False,paid,False,0,4,3,1,0,0,7,1,140,0,0,1,0,0,5,6,0,168,9,4.0,765.9404761904761,4.0,15,True,28,True,2,True,15,True,32,True,25,True
20,,False,2018-11-22,2018-11-29,True,F,Miami-Fort Lauderdale-West Palm Beach,FL,76,True,False,paid,True,0,1,1,1,0,1,6,1,86,0,0,1,0,0,1,9,0,108,10,3.0,2118.4166666666665,3.0,7,True,17,True,2,True,5,True,17,True,14,True
55,,False,2018-10-17,2018-10-24,True,M,Las Vegas-Henderson-Paradise,NV,42,True,False,free,False,0,0,0,0,0,0,1,2,14,0,0,0,0,0,0,0,0,17,3,2.0,1009.4117647058823,2.0,3,True,6,True,1,True,4,True,6,True,2,True
3,2018-10-30 04:59:03,True,2018-10-23,2018-10-30,True,M,Bozeman,MT,80,False,False,paid,False,1,1,3,0,0,1,7,3,154,0,0,0,0,0,3,10,0,183,9,2.0,1002.5245901639345,3.0,10,True,24,True,4,True,15,True,45,True,24,True
12,2018-10-22 07:29:34,True,2018-10-15,2018-10-22,True,F,Los Angeles-Long Beach-Anaheim,CA,72,True,False,paid,True,1,8,9,2,1,1,20,5,317,6,1,3,0,1,4,18,2,399,16,3.0,911.9774436090225,3.0,24,True,59,True,11,True,33,True,86,True,50,True
41,,False,2018-10-28,2018-11-04,True,F,Manchester-Nashua,NH,90,True,False,paid,False,0,0,3,1,0,0,3,0,89,0,1,1,0,0,0,4,0,102,7,1.0,1189.0,2.0,6,True,24,True,5,True,11,True,29,True,12,True
73,2018-10-24 17:33:07,True,2018-10-17,2018-10-24,True,F,Albany-Schenectady-Troy,NY,49,True,False,paid,True,1,7,5,0,0,1,7,2,168,0,1,2,0,0,3,5,0,202,11,2.0,987.9950495049505,2.0,13,True,28,True,6,True,10,True,36,True,39,True
17,2018-10-13 21:19:44,True,2018-10-06,2018-10-13,True,F,Philadelphia-Camden-Wilmington,PA-NJ-DE-MD,12,True,True,paid,True,1,10,21,10,0,4,23,11,664,0,0,4,0,1,10,28,1,788,13,5.0,654.3439086294417,5.0,42,True,144,True,18,True,57,True,162,True,119,True
86,,False,2018-10-08,2018-10-15,True,M,Jacksonville,FL,90,False,False,free,False,0,1,0,0,0,0,2,0,16,0,0,0,0,0,0,0,0,19,3,1.0,651.0,1.0,0,False,1,True,0,False,1,True,2,True,2,True
7,,False,2018-10-26,2018-11-02,False,M,Seattle-Tacoma-Bellevue,WA,51,True,False,free,False,0,0,0,0,0,0,0,0,0,0,0,0,0,0,0,0,0,0,0,0.0,0.0,0.0,0,False,0,False,0,False,0,False,0,False,0,False
67,,False,2018-10-06,2018-10-13,True,M,Sacramento--Roseville--Arden-Arcade,CA,100,True,False,free,False,0,0,3,0,0,0,3,1,89,9,0,0,0,0,0,2,0,107,6,2.0,537.8224299065421,2.0,3,True,20,True,2,True,4,True,20,True,17,True
32,2018-10-08 21:10:46,True,2018-10-01,2018-10-08,True,M,Phoenix-Mesa-Scottsdale,AZ,20,True,False,free,False,0,0,4,0,0,0,1,1,38,2,0,0,0,0,0,5,0,51,6,2.0,280.0,2.0,2,True,8,True,1,True,5,True,10,True,7,True
5,,False,2018-10-05,2018-10-12,True,M,Phoenix-Mesa-Scottsdale,AZ,21,True,False,free,False,0,0,2,0,0,0,1,0,29,4,0,0,0,0,0,2,1,39,6,2.0,484.0,2.0,2,True,10,True,0,False,5,True,11,True,2,True
106,2018-11-02 13:47:04,True,2018-10-26,2018-11-02,True,F,Los Angeles-Long Beach-Anaheim,CA,39,True,False,paid,True,0,10,12,1,0,4,9,1,261,0,0,0,0,0,2,10,0,310,9,3.0,1298.1225806451612,3.0,27,True,59,True,7,True,30,True,68,True,47,True
114,,False,2018-10-09,2018-10-16,True,M,Las Vegas-Henderson-Paradise,NV,32,True,False,free,False,0,1,2,0,0,1,5,3,33,1,0,0,0,0,0,4,1,51,9,2.0,716.6078431372549,2.0,5,True,12,True,1,True,7,True,14,True,4,True
69,,False,2018-11-08,2018-11-15,False,F,Milwaukee-Waukesha-West Allis,WI,62,True,False,paid,True,0,0,0,0,0,0,0,0,0,0,0,0,0,0,0,0,0,0,0,0.0,0.0,0.0,0,False,0,False,0,False,0,False,0,False,0,False
99,,False,2018-10-06,2018-10-13,True,F,New Haven-Milford,CT,87,True,False,free,False,0,0,1,0,0,0,4,2,31,3,0,1,0,0,0,0,0,42,6,3.0,506.3333333333333,2.0,4,True,6,True,1,True,3,True,7,True,5,True
16,,False,2018-10-25,2018-11-01,False,F,Winston-Salem,NC,51,True,False,paid,True,0,0,0,0,0,0,0,0,0,0,0,0,0,0,0,0,0,0,0,0.0,0.0,0.0,0,False,0,False,0,False,0,False,0,False,0,False
49,,False,2018-10-30,2018-11-06,True,M,Napa,CA,82,False,False,paid,False,0,2,2,3,0,1,1,0,36,0,0,0,0,0,1,3,0,49,8,2.0,1008.9387755102041,2.0,3,True,8,True,0,False,1,True,6,True,6,True
50,,False,2018-10-13,2018-10-20,True,F,Dubuque,IA,33,False,False,free,False,0,0,1,0,2,0,7,2,76,4,1,1,0,0,2,4,0,100,10,2.0,653.73,2.0,8,True,15,True,3,True,8,True,20,True,8,True
24,,False,2018-11-10,2018-11-17,True,M,Troy,AL,63,False,False,free,True,1,2,1,0,0,0,2,1,64,0,0,0,0,0,0,4,0,75,7,1.0,1358.0,1.0,4,True,15,True,2,True,5,True,18,True,13,True
103,2018-11-04 14:01:31,True,2018-10-28,2018-11-04,True,F,New York-Newark-Jersey City,NY-NJ-PA,41,True,True,paid,True,0,10,12,9,0,1,14,5,372,0,0,1,0,0,4,23,0,451,10,2.0,1163.5277161862527,3.0,35,True,82,True,8,True,41,True,100,True,65,True
102,,False,2018-11-18,2018-11-25,False,M,New York-Newark-Jersey City,NY-NJ-PA,60,True,True,free,False,0,0,0,0,0,0,0,0,0,0,0,0,0,0,0,0,0,0,0,0.0,0.0,0.0,0,False,0,False,0,False,0,False,0,False,0,False
122,2018-10-20 19:01:08,True,2018-10-13,2018-10-20,True,F,Memphis,TN-MS-AR,52,False,True,free,False,0,0,0,0,0,0,2,0,6,1,0,0,0,0,0,0,0,9,3,1.0,691.0,1.0,0,False,2,True,0,False,1,True,3,True,0,False
75,,False,2018-10-13,2018-10-20,True,F,Buffalo-Cheektowaga-Niagara Falls,NY,32,True,False,paid,False,0,0,3,0,0,0,1,0,49,0,0,0,0,0,0,2,0,55,4,1.0,467.0,1.0,4,True,8,True,1,True,3,True,12,True,8,True
135,,False,2018-10-08,2018-10-15,False,F,Las Vegas-Henderson-Paradise,NV,82,True,False,free,False,0,0,0,0,0,0,0,0,0,0,0,0,0,0,0,0,0,0,0,0.0,0.0,0.0,0,False,0,False,0,False,0,False,0,False,0,False
128,,False,2018-10-17,2018-10-24,True,M,Fairbanks,AK,58,False,False,paid,True,0,10,3,0,1,3,13,5,164,0,0,1,0,0,2,6,0,208,10,2.0,909.5384615384615,2.0,16,True,37,True,3,True,21,True,40,True,26,True
111,,False,2018-11-05,2018-11-12,True,F,Detroit-Warren-Dearborn,MI,64,True,False,paid,True,0,6,2,2,0,1,5,2,138,0,0,0,0,0,2,7,0,165,9,1.0,1568.0,1.0,14,True,33,True,6,True,18,True,46,True,19,True
112,,False,2018-10-23,2018-10-30,True,M,Muncie,IN,55,False,False,free,False,0,1,1,0,0,0,2,0,28,1,0,0,0,0,0,0,0,33,5,1.0,580.0,1.0,1,True,7,True,0,False,1,True,7,True,4,True
145,,False,2018-10-10,2018-10-17,True,F,Pittsburgh,PA,57,False,False,paid,False,0,5,1,0,0,0,3,2,92,0,0,1,0,0,0,4,0,108,7,4.0,809.9351851851852,3.0,11,True,23,True,3,True,14,True,21,True,15,True
66,,False,2018-10-17,2018-10-24,True,F,Los Angeles-Long Beach-Anaheim,CA,89,True,False,free,False,0,1,2,0,0,1,7,2,108,10,0,0,0,0,0,4,1,136,9,3.0,980.1691176470588,3.0,15,True,29,True,2,True,16,True,32,True,19,True
83,,False,2018-10-04,2018-10-11,True,M,Anchorage,AK,74,False,False,free,False,0,0,0,0,0,1,3,0,40,2,0,0,0,0,1,2,0,49,6,3.0,164.75510204081633,3.0,2,True,4,True,0,False,2,True,5,True,3,True
44,,False,2018-10-26,2018-11-02,True,F,Bridgeport-Stamford-Norwalk,CT,38,True,False,paid,True,2,7,8,1,0,5,10,3,361,0,1,4,0,0,1,24,0,427,12,1.0,758.0,2.0,32,True,76,True,15,True,43,True,90,True,60,True
11,,False,2018-11-07,2018-11-14,True,F,Providence-Warwick,RI-MA,111,True,True,free,True,0,1,0,0,0,0,5,2,56,5,1,1,0,0,0,5,2,78,9,2.0,1664.8461538461538,2.0,3,True,11,True,2,True,4,True,13,True,7,True
91,,False,2018-10-26,2018-11-02,True,M,New Haven-Milford,CT,89,True,False,paid,True,0,2,3,1,0,1,8,2,209,0,0,0,0,0,1,11,0,238,9,1.0,1223.0,2.0,17,True,53,True,3,True,28,True,63,True,32,True
37,,False,2018-11-16,2018-11-23,True,M,Austin-Round Rock,TX,88,True,False,paid,True,0,8,9,1,0,0,14,4,308,0,0,3,0,0,0,21,0,368,8,3.0,2067.725543478261,4.0,32,True,69,True,10,True,42,True,86,True,52,True
90,,False,2018-10-30,2018-11-06,False,M,Seattle-Tacoma-Bellevue,WA,86,True,False,free,False,0,0,0,0,0,0,0,0,0,0,0,0,0,0,0,0,0,0,0,0.0,0.0,0.0,0,False,0,False,0,False,0,False,0,False,0,False
104,,False,2018-10-07,2018-10-14,True,F,Billings,MT,80,False,False,free,False,1,0,4,0,0,0,7,0,100,7,0,0,0,0,0,3,0,122,6,2.0,644.0,2.0,14,True,28,True,3,True,13,True,30,True,12,True
138,,False,2018-10-13,2018-10-20,True,M,New York-Newark-Jersey City,NY-NJ-PA,24,True,True,free,False,1,5,7,0,0,2,5,2,182,12,1,1,0,0,1,12,0,231,12,3.0,933.1125541125541,2.0,18,True,51,True,7,True,19,True,48,True,29,True
148,,False,2018-10-12,2018-10-19,True,M,Miami-Fort Lauderdale-West Palm Beach,FL,27,True,False,free,False,0,0,2,0,0,3,11,3,208,14,0,1,0,0,0,12,2,256,9,2.0,793.5,2.0,15,True,38,True,5,True,17,True,55,True,32,True
107,,False,2018-11-16,2018-11-23,True,F,Pontiac,IL,76,False,False,free,False,0,0,0,0,0,0,1,0,15,0,0,0,0,0,0,1,0,17,3,1.0,1800.0,1.0,0,False,5,True,0,False,0,False,5,True,1,True
97,,False,2018-11-02,2018-11-09,True,F,Riverside-San Bernardino-Ontario,CA,65,True,False,paid,True,3,13,18,3,0,4,20,10,549,1,0,1,0,0,5,24,0,651,12,5.0,1557.7834101382489,5.0,48,True,134,True,17,True,50,True,149,True,78,True
109,,False,2018-10-25,2018-11-01,True,F,St. Louis,MO-IL,72,False,True,paid,True,0,3,5,4,0,2,5,3,175,0,0,1,0,0,3,8,0,209,10,2.0,1229.0574162679425,2.0,12,True,38,True,4,True,14,True,49,True,28,True
134,,False,2018-10-23,2018-10-30,True,M,Indianapolis-Carmel-Anderson,IN,37,True,False,free,False,0,0,1,0,0,0,1,0,10,1,0,0,0,0,1,0,0,14,5,1.0,573.0,1.0,0,False,2,True,1,True,0,False,1,True,2,True
10,,False,2018-11-16,2018-11-23,True,M,Laurel,MS,55,False,False,paid,False,0,1,1,3,0,0,2,2,90,0,0,1,0,0,0,3,0,103,8,2.0,1950.7864077669904,2.0,6,True,21,True,2,True,10,True,23,True,13,True
2,,False,2018-10-01,2018-10-08,False,F,Raleigh,NC,24,False,False,paid,False,0,0,0,0,0,0,0,0,0,0,0,0,0,0,0,0,0,0,0,0.0,0.0,0.0,0,False,0,False,0,False,0,False,0,False,0,False
144,,False,2018-10-12,2018-10-19,False,M,Montgomery,AL,56,False,False,free,False,0,0,0,0,0,0,0,0,0,0,0,0,0,0,0,0,0,0,0,0.0,0.0,0.0,0,False,0,False,0,False,0,False,0,False,0,False
76,,False,2018-10-10,2018-10-17,False,M,Los Angeles-Long Beach-Anaheim,CA,19,True,False,free,False,0,0,0,0,0,0,0,0,0,0,0,0,0,0,0,0,0,0,0,0.0,0.0,0.0,0,False,0,False,0,False,0,False,0,False,0,False
119,,False,2018-10-10,2018-10-17,True,F,Charlotte-Concord-Gastonia,NC-SC,149,True,True,free,False,0,1,4,0,1,0,7,1,61,3,0,0,0,0,0,2,2,82,9,1.0,633.0,2.0,3,True,8,True,1,True,3,True,17,True,7,True
89,,False,2018-10-07,2018-10-14,True,M,Atlanta-Sandy Springs-Roswell,GA,42,True,False,free,False,0,0,1,0,0,0,0,0,12,2,0,0,0,0,0,1,0,16,4,1.0,178.0,1.0,0,False,2,True,0,False,2,True,3,True,1,True
14,,False,2018-10-01,2018-10-08,False,M,Syracuse,NY,81,False,False,paid,False,0,0,0,0,0,0,0,0,0,0,0,0,0,0,0,0,0,0,0,0.0,0.0,0.0,0,False,0,False,0,False,0,False,0,False,0,False
62,,False,2018-11-10,2018-11-17,True,M,Houston-The Woodlands-Sugar Land,TX,122,True,False,paid,False,0,4,5,0,2,2,7,0,169,0,0,1,0,0,6,12,0,208,9,1.0,1763.0,1.0,10,True,34,True,6,True,18,True,49,True,21,True
19,,False,2018-10-10,2018-10-17,True,F,Dayton,OH,28,False,False,paid,False,2,2,7,0,0,0,7,5,124,0,0,1,0,0,1,3,0,152,9,1.0,159.0,1.0,8,True,27,True,1,True,14,True,39,True,13,True
150,,False,2018-10-07,2018-10-14,True,M,Phoenix-Mesa-Scottsdale,AZ,76,True,False,free,False,0,1,5,0,0,1,4,0,79,7,1,1,0,0,0,5,1,105,10,2.0,411.8,2.0,6,True,19,True,3,True,8,True,22,True,14,True
68,,False,2018-10-13,2018-10-20,False,F,Cincinnati,OH-KY-IN,65,False,True,free,False,0,0,0,0,0,0,0,0,0,0,0,0,0,0,0,0,0,0,0,0.0,0.0,0.0,0,False,0,False,0,False,0,False,0,False,0,False
147,,False,2018-10-28,2018-11-04,True,M,Charlotte-Concord-Gastonia,NC-SC,43,True,True,free,False,0,10,1,0,0,1,4,1,63,2,0,0,0,0,0,8,0,90,8,1.0,888.0,1.0,5,True,13,True,3,True,5,True,12,True,11,True
8,,False,2018-10-10,2018-10-17,True,F,St. Louis,MO-IL,70,False,True,free,False,0,5,2,0,0,0,9,2,117,10,0,0,0,0,0,9,1,155,8,1.0,234.0,1.0,11,True,25,True,3,True,11,True,30,True,26,True
56,,False,2018-11-22,2018-11-29,True,M,Alexandria,LA,65,False,False,paid,True,1,5,1,8,0,1,11,4,102,0,0,1,0,0,0,4,0,138,10,3.0,2216.159420289855,4.0,11,True,23,True,2,True,14,True,31,True,13,True
34,,False,2018-11-22,2018-11-29,False,M,Deltona-Daytona Beach-Ormond Beach,FL,78,True,False,free,False,0,0,0,0,0,0,0,0,0,0,0,0,0,0,0,0,0,0,0,0.0,0.0,0.0,0,False,0,False,0,False,0,False,0,False,0,False
60,,False,2018-11-17,2018-11-24,True,M,Phoenix-Mesa-Scottsdale,AZ,69,True,False,paid,True,1,1,8,6,1,1,9,2,201,1,0,0,0,0,3,18,0,252,12,5.0,2081.7341269841268,5.0,24,True,59,True,2,True,29,True,69,True,34,True
125,2018-10-12 04:35:18,True,2018-10-05,2018-10-12,False,M,Corpus Christi,TX,71,False,False,free,False,0,0,0,0,0,0,0,0,0,0,0,0,0,0,0,0,0,0,0,0.0,0.0,0.0,0,False,0,False,0,False,0,False,0,False,0,False
47,,False,2018-10-08,2018-10-15,True,M,Columbus,GA-AL,90,False,True,free,False,0,0,0,0,0,0,0,0,3,0,0,0,0,0,0,0,0,3,1,1.0,46.0,1.0,0,False,0,False,0,False,1,True,2,True,0,False
133,,False,2018-11-08,2018-11-15,False,M,San Diego-Carlsbad,CA,70,True,False,free,False,0,0,0,0,0,0,0,0,0,0,0,0,0,0,0,0,0,0,0,0.0,0.0,0.0,0,False,0,False,0,False,0,False,0,False,0,False
26,,False,2018-10-26,2018-11-02,True,M,Stockton-Lodi,CA,49,True,False,free,False,0,1,3,0,0,1,6,2,125,5,0,1,0,0,1,6,0,151,10,2.0,1169.1390728476822,2.0,11,True,26,True,1,True,12,True,33,True,16,True
43,,False,2018-11-02,2018-11-09,True,F,Boston-Cambridge-Newton,MA-NH,59,True,True,free,False,0,0,1,0,0,0,2,2,24,3,0,0,0,0,0,1,1,34,7,1.0,989.0,1.0,1,True,3,True,0,False,1,True,4,True,4,True
57,,False,2018-10-20,2018-10-27,False,M,Truckee-Grass Valley,CA,64,True,False,free,False,0,0,0,0,0,0,0,0,0,0,0,0,0,0,0,0,0,0,0,0.0,0.0,0.0,0,False,0,False,0,False,0,False,0,False,0,False
149,,False,2018-10-10,2018-10-17,True,M,Dallas-Fort Worth-Arlington,TX,31,True,False,free,False,0,3,1,0,0,1,3,1,32,1,0,1,0,0,0,1,0,44,9,1.0,148.0,1.0,3,True,4,True,1,True,4,True,7,True,8,True
64,,False,2018-10-10,2018-10-17,False,M,Dallas-Fort Worth-Arlington,TX,25,True,False,free,False,0,0,0,0,0,0,0,0,0,0,0,0,0,0,0,0,0,0,0,0.0,0.0,0.0,0,False,0,False,0,False,0,False,0,False,0,False
21,,False,2018-10-10,2018-10-17,False,M,Kankakee,IL,33,False,False,paid,False,0,0,0,0,0,0,0,0,0,0,0,0,0,0,0,0,0,0,0,0.0,0.0,0.0,0,False,0,False,0,False,0,False,0,False,0,False
71,,False,2018-10-15,2018-10-22,True,M,Tallahassee,FL,22,False,False,free,False,0,0,0,0,0,0,1,0,9,2,0,0,0,0,0,1,0,13,4,1.0,170.0,1.0,1,True,1,True,0,False,2,True,2,True,0,False
108,,False,2018-11-18,2018-11-25,True,F,Washington-Arlington-Alexandria,DC-VA-MD-WV,56,True,True,paid,True,1,12,8,1,0,4,14,4,297,0,1,3,0,0,0,11,0,356,11,1.0,1896.0,2.0,27,True,73,True,7,True,26,True,83,True,41,True
79,,False,2018-11-17,2018-11-24,False,M,Philadelphia-Camden-Wilmington,PA-NJ-DE-MD,70,True,True,paid,True,0,0,0,0,0,0,0,0,0,0,0,0,0,0,0,0,0,0,0,0.0,0.0,0.0,0,False,0,False,0,False,0,False,0,False,0,False
123,,False,2018-10-04,2018-10-11,False,M,Tampa-St. Petersburg-Clearwater,FL,56,True,False,free,False,0,0,0,0,0,0,0,0,0,0,0,0,0,0,0,0,0,0,0,0.0,0.0,0.0,0,False,0,False,0,False,0,False,0,False,0,False
116,,False,2018-10-07,2018-10-14,False,F,Providence-Warwick,RI-MA,56,True,True,free,False,0,0,0,0,0,0,0,0,0,0,0,0,0,0,0,0,0,0,0,0.0,0.0,0.0,0,False,0,False,0,False,0,False,0,False,0,False
152,,False,2018-10-17,2018-10-24,False,M,Los Angeles-Long Beach-Anaheim,CA,-7,True,False,free,False,0,0,0,0,0,0,0,0,0,0,0,0,0,0,0,0,0,0,0,0.0,0.0,0.0,0,False,0,False,0,False,0,False,0,False,0,False
63,,False,2018-11-22,2018-11-29,False,F,Duluth,MN-WI,67,False,True,free,False,0,0,0,0,0,0,0,0,0,0,0,0,0,0,0,0,0,0,0,0.0,0.0,0.0,0,False,0,False,0,False,0,False,0,False,0,False
139,,False,2018-11-10,2018-11-17,True,M,Los Angeles-Long Beach-Anaheim,CA,82,True,False,paid,True,1,6,8,6,1,1,14,4,274,0,0,0,0,0,5,16,0,336,11,2.0,1807.705357142857,3.0,23,True,60,True,7,True,34,True,80,True,44,True
23,,False,2018-10-26,2018-11-02,True,F,Chicago-Naperville-Elgin,IL-IN-WI,113,True,True,free,False,0,0,3,0,0,0,1,0,42,8,0,0,0,0,0,2,0,56,5,1.0,166.0,1.0,2,True,7,True,0,False,6,True,12,True,8,True
154,,False,2018-11-12,2018-11-19,False,F,New York-Newark-Jersey City,NY-NJ-PA,15,True,True,free,False,0,0,0,0,0,0,0,0,0,0,0,0,0,0,0,0,0,0,0,0.0,0.0,0.0,0,False,0,False,0,False,0,False,0,False,0,False
155,,False,2018-10-16,2018-10-23,False,F,Boston-Cambridge-Newton,MA-NH,-13,True,True,free,False,0,0,0,0,0,0,0,0,0,0,0,0,0,0,0,0,0,0,0,0.0,0.0,0.0,0,False,0,False,0,False,0,False,0,False,0,False
72,,False,2018-11-22,2018-11-29,False,F,Port St. Lucie,FL,146,False,False,free,False,0,0,0,0,0,0,0,0,0,0,0,0,0,0,0,0,0,0,0,0.0,0.0,0.0,0,False,0,False,0,False,0,False,0,False,0,False
151,,False,2018-10-01,2018-10-08,False,M,Washington-Arlington-Alexandria,DC-VA-MD-WV,12,True,True,paid,False,0,0,0,0,0,0,0,0,0,0,0,0,0,0,0,0,0,0,0,0.0,0.0,0.0,0,False,0,False,0,False,0,False,0,False,0,False
153,,False,2018-11-22,2018-11-29,True,M,Greensboro-High Point,NC,25,True,False,paid,True,1,5,9,2,0,2,9,4,178,0,0,0,0,0,1,10,0,221,10,5.0,2206.3846153846152,5.0,13,True,45,True,4,True,17,True,48,True,31,True
22,,False,2018-10-17,2018-10-24,False,F,Cincinnati,OH-KY-IN,30,False,True,free,False,0,0,0,0,0,0,0,0,0,0,0,0,0,0,0,0,0,0,0,0.0,0.0,0.0,0,False,0,False,0,False,0,False,0,False,0,False
84,,False,2018-10-17,2018-10-24,False,F,Virginia Beach-Norfolk-Newport News,VA-NC,29,True,True,free,False,0,0,0,0,0,0,0,0,0,0,0,0,0,0,0,0,0,0,0,0.0,0.0,0.0,0,False,0,False,0,False,0,False,0,False,0,False
156,,False,2018-10-05,2018-10-12,False,M,Scranton--Wilkes-Barre--Hazleton,PA,-46,True,False,free,False,0,0,0,0,0,0,0,0,0,0,0,0,0,0,0,0,0,0,0,0.0,0.0,0.0,0,False,0,False,0,False,0,False,0,False,0,False
100009,2018-10-27 03:31:44,True,2018-10-20,2018-10-27,True,M,San Francisco-Oakland-Hayward,CA,37,True,False,free,True,0,2,2,2,0,3,6,4,145,17,0,0,1,0,2,11,1,196,12,2.0,131.55612244897958,2.0,10,True,30,True,4,True,14,True,35,True,29,True
100022,2018-11-12 16:04:05,True,2018-11-05,2018-11-12,True,F,Houston-The Woodlands-Sugar Land,TX,47,True,False,free,False,0,1,1,0,0,2,8,4,122,25,0,0,0,0,5,6,2,176,10,6.0,178.82386363636363,6.0,9,True,27,True,2,True,12,True,45,True,13,True
100025,2018-10-23 12:52:32,True,2018-10-16,2018-10-23,True,F,New York-Newark-Jersey City,NY-NJ-PA,88,True,True,free,True,1,3,8,5,0,3,20,7,295,24,3,5,1,0,5,14,1,395,15,2.0,122.68101265822784,3.0,34,True,83,True,4,True,36,True,91,True,44,True
100005,2018-10-19 17:57:05,True,2018-10-12,2018-10-19,True,M,Monroe,LA,84,False,False,free,False,0,0,0,0,0,0,2,1,19,4,0,0,0,0,1,0,0,27,5,1.0,75.0,1.0,0,False,4,True,1,True,3,True,8,True,4,True
100016,,False,2018-10-01,2018-10-08,True,M,St. Louis,MO-IL,24,False,True,paid,False,0,0,0,0,0,0,0,0,16,1,0,0,0,0,0,1,0,18,3,1.0,32.0,1.0,1,True,2,True,2,True,1,True,6,True,5,True
100015,2018-11-24 15:35:53,True,2018-11-17,2018-11-24,False,F,North Wilkesboro,NC,67,False,False,paid,True,0,0,0,0,0,0,0,0,0,0,0,0,0,0,0,0,0,0,0,0.0,0.0,0.0,0,False,0,False,0,False,0,False,0,False,0,False
100007,2018-11-29 11:45:09,True,2018-11-22,2018-11-29,True,F,Little Rock-North Little Rock-Conway,AR,114,True,False,paid,False,0,0,1,0,0,0,1,0,11,1,0,0,0,0,0,2,0,16,5,1.0,192.0,1.0,0,False,3,True,0,False,0,False,1,True,1,True
100013,2018-11-02 18:53:36,True,2018-10-26,2018-11-02,True,F,Cleveland-Elyria,OH,43,True,False,paid,True,0,6,8,4,0,1,9,3,249,3,1,2,0,0,7,11,0,304,12,4.0,147.67105263157896,4.0,20,True,68,True,9,True,33,True,76,True,33,True
100004,,False,2018-10-08,2018-10-15,True,F,Syracuse,NY,127,False,False,free,False,0,5,0,0,0,1,2,1,69,11,0,1,0,0,0,5,0,95,8,3.0,93.76842105263158,3.0,7,True,16,True,1,True,10,True,18,True,11,True
100012,2018-11-01 19:35:00,True,2018-10-25,2018-11-01,True,M,Chicago-Naperville-Elgin,IL-IN-WI,42,True,True,free,True,1,1,6,0,0,0,7,3,129,15,0,0,0,0,3,7,0,172,9,3.0,130.75581395348837,3.0,10,True,29,True,2,True,9,True,39,True,17,True
100023,2018-10-14 00:00:37,True,2018-10-07,2018-10-14,True,M,Greenville-Anderson-Mauldin,SC,32,True,False,paid,True,0,7,6,8,0,3,16,5,309,2,0,1,0,0,1,8,0,366,11,8.0,87.26975476839237,5.0,30,True,71,True,12,True,27,True,78,True,40,True
100018,,False,2018-10-13,2018-10-20,True,M,Dallas-Fort Worth-Arlington,TX,71,True,False,free,True,0,0,0,0,0,0,1,1,18,3,0,0,0,0,1,1,0,25,6,1.0,89.0,1.0,1,True,3,True,0,False,2,True,4,True,1,True
100010,,False,2018-10-17,2018-10-24,True,F,Bridgeport-Stamford-Norwalk,CT,26,True,False,free,False,0,2,1,0,0,0,2,0,44,8,0,0,0,0,0,2,1,60,7,1.0,118.0,1.0,4,True,11,True,2,True,5,True,8,True,10,True
100002,,False,2018-10-26,2018-11-02,False,F,Santa Maria-Santa Barbara,CA,129,True,False,paid,False,0,0,0,0,0,0,0,0,0,0,0,0,0,0,0,0,0,0,0,0.0,0.0,0.0,0,False,0,False,0,False,0,False,0,False,0,False
100003,2018-10-11 16:19:41,True,2018-10-04,2018-10-11,True,F,Miami-Fort Lauderdale-West Palm Beach,FL,22,True,False,free,False,0,0,0,0,0,0,0,0,2,0,0,0,0,0,0,0,0,2,1,1.0,3.0,1.0,0,False,2,True,0,False,0,False,0,False,0,False
100008,,False,2018-10-16,2018-10-23,True,F,Los Angeles-Long Beach-Anaheim,CA,32,True,False,paid,False,0,0,2,2,0,0,0,0,16,1,0,0,0,0,0,0,0,21,4,1.0,117.0,1.0,2,True,4,True,1,True,1,True,4,True,7,True
100014,2018-11-20 19:04:09,True,2018-11-13,2018-11-20,False,M,New York-Newark-Jersey City,NY-NJ-PA,84,True,True,paid,False,0,0,0,0,0,0,0,0,0,0,0,0,0,0,0,0,0,0,0,0.0,0.0,0.0,0,False,0,False,0,False,0,False,0,False,0,False
100021,2018-11-25 11:03:02,True,2018-11-18,2018-11-25,False,M,Dallas-Fort Worth-Arlington,TX,64,True,False,free,False,0,0,0,0,0,0,0,0,0,0,0,0,0,0,0,0,0,0,0,0.0,0.0,0.0,0,False,0,False,0,False,0,False,0,False,0,False
100017,2018-10-20 19:14:07,True,2018-10-13,2018-10-20,False,M,Birmingham-Hoover,AL,78,True,False,free,False,0,0,0,0,0,0,0,0,0,0,0,0,0,0,0,0,0,0,0,0.0,0.0,0.0,0,False,0,False,0,False,0,False,0,False,0,False
200014,,False,2018-10-10,2018-10-17,False,M,Hagerstown-Martinsburg,MD-WV,85,True,True,free,False,0,0,0,0,0,0,0,0,0,0,0,0,0,0,0,0,0,0,0,0.0,0.0,0.0,0,False,0,False,0,False,0,False,0,False,0,False
200019,,False,2018-10-23,2018-10-30,True,M,Los Angeles-Long Beach-Anaheim,CA,37,True,False,free,True,1,0,6,1,0,0,5,2,78,3,0,0,1,0,0,3,1,101,10,2.0,156.27722772277227,2.0,7,True,15,True,2,True,6,True,18,True,15,True
200002,,False,2018-10-23,2018-10-30,True,M,Chicago-Naperville-Elgin,IL-IN-WI,53,True,True,paid,True,0,0,0,0,0,0,2,0,21,0,0,0,0,0,0,1,0,24,3,1.0,174.0,1.0,1,True,2,True,2,True,1,True,4,True,5,True
200023,,False,2018-10-13,2018-10-20,True,F,New York-Newark-Jersey City,NY-NJ-PA,25,True,True,free,True,0,3,5,0,0,0,10,6,170,11,0,0,0,0,3,5,2,215,9,9.0,151.60930232558138,6.0,16,True,44,True,6,True,20,True,38,True,27,True
200001,2018-10-15 18:55:20,True,2018-10-08,2018-10-15,True,M,Washington-Arlington-Alexandria,DC-VA-MD-WV,15,True,True,free,False,0,0,2,0,0,0,5,0,70,3,1,1,0,0,0,7,1,90,8,3.0,101.15555555555555,3.0,6,True,22,True,2,True,7,True,21,True,5,True
200020,2018-11-17 16:40:42,True,2018-11-10,2018-11-17,True,M,Orlando-Kissimmee-Sanford,FL,75,True,False,free,True,0,0,2,0,0,1,7,1,119,7,0,1,0,0,4,4,0,146,9,7.0,326.7328767123288,5.0,6,True,26,True,2,True,10,True,36,True,19,True
200022,,False,2018-11-08,2018-11-15,False,M,St. Louis,MO-IL,98,False,True,free,False,0,0,0,0,0,0,0,0,0,0,0,0,0,0,0,0,0,0,0,0.0,0.0,0.0,0,False,0,False,0,False,0,False,0,False,0,False
200006,,False,2018-10-15,2018-10-22,True,F,Los Angeles-Long Beach-Anaheim,CA,37,True,False,free,False,0,0,0,0,0,0,0,1,10,1,0,0,0,0,1,1,0,14,5,2.0,137.14285714285714,2.0,1,True,1,True,0,False,0,False,2,True,3,True
200011,2018-11-02 01:09:24,True,2018-10-26,2018-11-02,True,M,St. Louis,MO-IL,109,False,True,free,True,0,0,5,7,0,3,9,4,202,3,0,2,1,0,8,9,0,253,11,3.0,226.44268774703556,3.0,16,True,41,True,10,True,22,True,56,True,31,True
200010,,False,2018-11-13,2018-11-20,False,F,Logan,UT-ID,56,False,True,free,False,0,0,0,0,0,0,0,0,0,0,0,0,0,0,0,0,0,0,0,0.0,0.0,0.0,0,False,0,False,0,False,0,False,0,False,0,False
200015,2018-11-09 07:01:03,True,2018-11-02,2018-11-09,False,M,San Diego-Carlsbad,CA,87,True,False,free,False,0,0,0,0,0,0,0,0,0,0,0,0,0,0,0,0,0,0,0,0.0,0.0,0.0,0,False,0,False,0,False,0,False,0,False,0,False
200004,,False,2018-10-26,2018-11-02,True,M,Jacksonville,NC,39,False,False,paid,False,0,2,11,3,0,0,5,2,194,0,0,1,0,0,3,12,0,233,9,3.0,247.46781115879827,3.0,15,True,37,True,3,True,20,True,54,True,23,True
200021,2018-11-02 05:58:53,True,2018-10-26,2018-11-02,True,F,Detroit-Warren-Dearborn,MI,70,True,False,paid,True,2,4,4,5,0,0,18,4,254,1,1,3,0,0,7,13,0,316,12,4.0,242.91772151898735,3.0,22,True,52,True,14,True,27,True,68,True,43,True
200017,2018-11-15 20:16:43,True,2018-11-08,2018-11-15,False,M,New York-Newark-Jersey City,NY-NJ-PA,60,True,True,paid,True,0,0,0,0,0,0,0,0,0,0,0,0,0,0,0,0,0,0,0,0.0,0.0,0.0,0,False,0,False,0,False,0,False,0,False,0,False
200008,,False,2018-11-13,2018-11-20,True,F,Charlotte-Concord-Gastonia,NC-SC,104,True,True,paid,True,5,10,12,5,1,2,22,6,508,0,0,1,0,0,16,18,0,606,12,4.0,330.8514851485148,5.0,44,True,112,True,8,True,43,True,123,True,63,True
200024,2018-10-24 03:59:37,True,2018-10-17,2018-10-24,True,M,London,KY,28,False,False,paid,True,0,5,2,2,0,0,9,5,220,6,1,2,0,1,5,12,3,273,13,4.0,189.8937728937729,5.0,15,True,51,True,3,True,21,True,53,True,37,True
200003,,False,2018-10-06,2018-10-13,False,F,Chicago-Naperville-Elgin,IL-IN-WI,104,True,True,free,True,0,0,0,0,0,0,0,0,0,0,0,0,0,0,0,0,0,0,0,0.0,0.0,0.0,0,False,0,False,0,False,0,False,0,False,0,False
200018,2018-11-02 10:07:54,True,2018-10-26,2018-11-02,True,M,Philadelphia-Camden-Wilmington,PA-NJ-DE-MD,48,True,True,free,False,1,6,6,0,0,0,4,1,136,13,0,0,0,0,4,7,3,181,10,2.0,217.20441988950276,2.0,12,True,33,True,2,True,9,True,41,True,21,True
200009,,False,2018-10-26,2018-11-02,True,M,Sterling,IL,32,False,False,free,True,0,8,13,5,0,6,21,8,449,4,1,4,1,0,21,19,0,560,13,6.0,238.9875,5.0,55,True,111,True,12,True,47,True,116,True,72,True
200025,,False,2018-10-17,2018-10-24,True,M,Salinas,CA,88,False,False,free,True,0,0,0,0,0,0,3,1,34,2,0,0,0,0,3,2,0,45,6,2.0,155.0,2.0,2,True,13,True,1,True,4,True,11,True,4,True
200016,2018-11-16 08:17:58,True,2018-11-09,2018-11-16,True,F,Baltimore-Columbia-Towson,MD,55,True,False,free,False,0,0,1,0,0,0,2,1,11,0,0,0,0,0,0,3,0,18,5,1.0,297.0,1.0,0,False,1,True,1,True,1,True,3,True,4,True
200007,,False,2018-10-04,2018-10-11,False,F,New York-Newark-Jersey City,NY-NJ-PA,14,True,True,paid,False,0,0,0,0,0,0,0,0,0,0,0,0,0,0,0,0,0,0,0,0.0,0.0,0.0,0,False,0,False,0,False,0,False,0,False,0,False
200005,,False,2018-10-26,2018-11-02,True,M,Greenville-Anderson-Mauldin,SC,87,True,False,free,False,0,1,0,0,0,0,2,2,16,1,0,0,0,0,0,0,1,23,6,1.0,239.0,1.0,3,True,4,True,0,False,2,True,3,True,4,True
200012,,False,2018-11-16,2018-11-23,False,M,Portland-Vancouver-Hillsboro,OR-WA,57,True,True,free,False,0,0,0,0,0,0,0,0,0,0,0,0,0,0,0,0,0,0,0,0.0,0.0,0.0,0,False,0,False,0,False,0,False,0,False,0,False
300001,2018-11-23 21:42:24,True,2018-11-16,2018-11-23,False,F,Colorado Springs,CO,187,False,False,paid,True,0,0,0,0,0,0,0,0,0,0,0,0,0,0,0,0,0,0,0,0.0,0.0,0.0,0,False,0,False,0,False,0,False,0,False,0,False
300017,,False,2018-10-23,2018-10-30,True,F,Ionia,MI,43,False,False,paid,False,0,4,9,2,0,3,13,6,321,2,0,2,0,0,7,26,0,395,11,6.0,246.02025316455695,6.0,33,True,73,True,6,True,29,True,91,True,58,True
300015,,False,2018-11-09,2018-11-16,True,M,San Antonio-New Braunfels,TX,156,True,False,paid,True,0,1,5,0,2,1,10,2,150,0,0,2,0,0,2,15,0,190,10,3.0,363.5473684210526,3.0,15,True,39,True,1,True,17,True,47,True,24,True
300011,,False,2018-10-25,2018-11-01,True,F,New York-Newark-Jersey City,NY-NJ-PA,31,True,True,paid,True,4,17,24,4,0,7,29,5,711,0,0,3,0,0,2,72,0,878,11,10.0,264.2152619589977,6.0,47,True,145,True,18,True,60,True,182,True,123,True
300008,,False,2018-10-08,2018-10-15,True,F,Cookeville,TN,45,False,False,paid,False,0,0,4,1,0,1,4,1,105,0,0,0,0,0,1,7,0,124,8,3.0,90.08870967741936,3.0,9,True,31,True,1,True,17,True,37,True,14,True
300023,,False,2018-10-15,2018-10-22,True,F,Boston-Cambridge-Newton,MA-NH,111,True,True,paid,False,1,11,15,2,1,1,15,4,466,0,1,2,0,0,4,36,0,559,13,4.0,152.95706618962433,4.0,30,True,86,True,12,True,48,True,125,True,83,True
300021,,False,2018-11-13,2018-11-20,True,F,Wilson,NC,58,False,False,paid,True,1,12,19,1,2,1,20,7,537,0,0,2,0,0,3,34,0,639,12,5.0,377.57433489827855,5.0,44,True,106,True,15,True,45,True,127,True,86,True
300009,,False,2018-10-10,2018-10-17,True,F,St. Louis,MO-IL,56,False,True,paid,True,0,11,15,4,0,3,14,8,527,0,0,1,0,0,4,47,0,634,10,2.0,82.35015772870662,4.0,40,True,120,True,21,True,55,True,152,True,89,True
300025,,False,2018-11-12,2018-11-19,True,M,San Jose-Sunnyvale-Santa Clara,CA,65,True,False,paid,True,0,1,4,1,0,0,6,3,123,0,0,0,0,0,3,13,0,154,8,3.0,365.90909090909093,3.0,8,True,23,True,3,True,12,True,31,True,22,True
300002,,False,2018-10-20,2018-10-27,True,F,Truckee-Grass Valley,CA,92,True,False,paid,True,0,7,11,2,0,4,10,3,298,3,0,1,1,1,1,36,1,379,14,3.0,219.06332453825857,3.0,34,True,71,True,4,True,33,True,88,True,44,True
300012,,False,2018-10-05,2018-10-12,True,M,Miami-Fort Lauderdale-West Palm Beach,FL,104,True,False,paid,True,0,0,0,0,0,0,2,0,20,2,0,0,0,1,1,1,2,29,7,1.0,74.0,1.0,2,True,7,True,0,False,3,True,8,True,1,True
300005,,False,2018-11-08,2018-11-15,True,F,Roanoke,VA,155,False,False,paid,True,0,1,0,0,0,0,3,0,25,0,0,0,0,0,1,3,0,33,5,1.0,226.0,1.0,5,True,10,True,3,True,2,True,9,True,6,True
300010,,False,2018-11-16,2018-11-23,True,M,Dallas-Fort Worth-Arlington,TX,70,True,False,free,False,0,0,0,0,0,0,1,0,10,0,0,0,0,0,0,2,0,13,3,1.0,225.0,1.0,2,True,5,True,0,False,3,True,3,True,2,True
300014,,False,2018-10-09,2018-10-16,False,M,San Diego-Carlsbad,CA,69,True,False,paid,True,0,0,0,0,0,0,0,0,0,0,0,0,0,0,0,0,0,0,0,0.0,0.0,0.0,0,False,0,False,0,False,0,False,0,False,0,False
300016,,False,2018-10-20,2018-10-27,False,M,Minneapolis-St. Paul-Bloomington,MN-WI,69,True,True,paid,True,0,0,0,0,0,0,0,0,0,0,0,0,0,0,0,0,0,0,0,0.0,0.0,0.0,0,False,0,False,0,False,0,False,0,False,0,False
300019,,False,2018-10-20,2018-10-27,True,M,Los Angeles-Long Beach-Anaheim,CA,51,True,False,paid,True,1,12,15,0,0,4,14,2,495,0,0,0,0,0,4,54,0,601,9,2.0,195.49251247920134,3.0,42,True,101,True,17,True,47,True,134,True,74,True
300020,,False,2018-11-10,2018-11-17,True,F,Atlanta-Sandy Springs-Roswell,GA,51,True,False,paid,False,0,0,0,0,0,1,0,0,33,0,0,0,0,0,0,1,0,35,3,1.0,257.0,1.0,3,True,10,True,0,False,4,True,12,True,3,True
300022,,False,2018-11-10,2018-11-17,True,M,London,KY,92,False,False,paid,False,0,1,0,0,0,0,1,0,15,0,0,0,0,0,0,1,0,18,4,1.0,345.0,1.0,0,False,1,True,0,False,2,True,3,True,3,True
300013,,False,2018-11-07,2018-11-14,True,M,Charlotte-Concord-Gastonia,NC-SC,78,True,True,paid,False,0,1,1,0,0,1,2,0,65,0,0,0,0,0,0,5,0,75,6,1.0,205.0,1.0,4,True,8,True,2,True,6,True,15,True,13,True
300018,,False,2018-10-26,2018-11-02,True,M,Chicago-Naperville-Elgin,IL-IN-WI,63,True,True,paid,True,0,7,3,0,0,1,3,0,52,0,0,0,0,0,0,2,0,68,6,3.0,279.22058823529414,3.0,4,True,7,True,0,False,6,True,11,True,8,True
300006,,False,2018-10-13,2018-10-20,False,M,New Haven-Milford,CT,53,True,False,free,False,0,0,0,0,0,0,0,0,0,0,0,0,0,0,0,0,0,0,0,0.0,0.0,0.0,0,False,0,False,0,False,0,False,0,False,0,False
300003,,False,2018-10-20,2018-10-27,False,M,Portland-Vancouver-Hillsboro,OR-WA,113,True,True,free,False,0,0,0,0,0,0,0,0,0,0,0,0,0,0,0,0,0,0,0,0.0,0.0,0.0,0,False,0,False,0,False,0,False,0,False,0,False
300004,,False,2018-10-12,2018-10-19,True,F,Los Angeles-Long Beach-Anaheim,CA,62,True,False,paid,True,0,0,0,0,0,3,2,1,59,8,0,1,0,1,1,3,1,80,10,1.0,27.0,1.0,10,True,17,True,2,True,8,True,22,True,9,True
300024,,False,2018-10-26,2018-11-02,False,F,Phoenix-Mesa-Scottsdale,AZ,52,True,False,paid,False,0,0,0,0,0,0,0,0,0,0,0,0,0,0,0,0,0,0,0,0.0,0.0,0.0,0,False,0,False,0,False,0,False,0,False,0,False
